kind,dataset,config,gamma,eta,acc_mean,acc_std,pure_mean,pure_std,weighted_mean,weighted_std,iter_mean,iter_std,delta_acc_vs_pure,delta_pure_vs_pure,delta_weighted_vs_pure
docs,classic.mat,"PURE (γ=1, η=1)",1.0,1.0,0.3032421764871723,0.0393718573853044,0.9995004645697179,0.0009466455906148396,0.9995004645697179,0.0009466455906148396,50.0,0.0,0.0,0.0,0.0
docs,classic.mat,"Only γ (γ=0.05, η=1)",0.05,1.0,0.3031575979701156,0.03848769144956075,1.5560956991427075,0.003648889992071292,1.5560956991427075,0.003648889992071292,50.0,0.0,-8.457851705667707e-05,0.5565952345729896,0.5565952345729896
docs,classic.mat,"Only inertia (γ=1, η=0.3)",1.0,0.3,0.32624753312658583,0.08454818082025839,0.9994027580687324,0.0011645157273138622,0.9994027580687324,0.0011645157273138622,50.0,0.0,0.023005356639413554,-9.770650098550604e-05,-9.770650098550604e-05
docs,classic.mat,"γ + inertia (γ=0.05, η=0.3)",0.05,0.3,0.3256272906681703,0.07787318139263888,4.500530512134039,1.8675087260194907,4.500530512134039,1.8675087260194907,50.0,0.0,0.022385114180998034,3.5010300475643206,3.5010300475643206
docs,hitech.mat,"PURE (γ=1, η=1)",1.0,1.0,0.27118644067796616,0.06751045595511795,0.992476973707974,0.002374854605799238,0.992476973707974,0.002374854605799238,50.0,0.0,0.0,0.0,0.0
docs,hitech.mat,"Only γ (γ=0.05, η=1)",0.05,1.0,0.24936983920034766,0.018139795471785517,2.711486560338859,0.019883472971542738,2.711486560338859,0.019883472971542738,50.0,0.0,-0.02181660147761849,1.719009586630885,1.719009586630885
docs,hitech.mat,"Only inertia (γ=1, η=0.3)",1.0,0.3,0.2503259452411995,0.01479215334647327,0.9932287584748215,0.0031349852002039665,0.9932287584748215,0.0031349852002039665,50.0,0.0,-0.020860495436766657,0.000751784766847452,0.000751784766847452
docs,hitech.mat,"γ + inertia (γ=0.05, η=0.3)",0.05,0.3,0.2501521077792264,0.019786185725518168,5.872902247468106,4.01626412908866,5.872902247468106,4.01626412908866,50.0,0.0,-0.021034332898739738,4.880425273760133,4.880425273760133
docs,k1b.mat,"PURE (γ=1, η=1)",1.0,1.0,0.5233333333333333,0.04188426634324972,0.9901756101034536,0.003252075976200324,0.9901756101034536,0.003252075976200324,50.0,0.0,0.0,0.0,0.0
docs,k1b.mat,"Only γ (γ=0.05, η=1)",0.05,1.0,0.35777777777777775,0.06737542379648104,2.5947675750675137,0.02036572418626165,2.5947675750675137,0.02036572418626165,50.0,0.0,-0.16555555555555557,1.60459196496406,1.60459196496406
docs,k1b.mat,"Only inertia (γ=1, η=0.3)",1.0,0.3,0.537948717948718,0.032605465351819164,0.9903573362163186,0.0031411094312369632,0.9903573362163186,0.0031411094312369632,50.0,0.0,0.014615384615384697,0.0001817261128650438,0.0001817261128650438
docs,k1b.mat,"γ + inertia (γ=0.05, η=0.3)",0.05,0.3,0.39888888888888896,0.1263778614663176,7.133177510744394,3.891605180269805,7.133177510744394,3.891605180269805,50.0,0.0,-0.12444444444444436,6.14300190064094,6.14300190064094
docs,la1.mat,"PURE (γ=1, η=1)",1.0,1.0,0.29469413233458175,0.02338679833659383,0.9731399040537619,0.014569064675929845,0.9731399040537619,0.014569064675929845,50.0,0.0,0.0,0.0,0.0
docs,la1.mat,"Only γ (γ=0.05, η=1)",0.05,1.0,0.24344569288389514,0.024893574291507313,2.166113607756478,0.011573779236817905,2.166113607756478,0.011573779236817905,50.0,0.0,-0.051248439450686606,1.1929737037027164,1.1929737037027164
docs,la1.mat,"Only inertia (γ=1, η=0.3)",1.0,0.3,0.3122971285892634,0.046091769087343935,0.9725847248349293,0.01513687311380752,0.9725847248349293,0.01513687311380752,50.0,0.0,0.017602996254681647,-0.0005551792188326354,-0.0005551792188326354
docs,la1.mat,"γ + inertia (γ=0.05, η=0.3)",0.05,0.3,0.2506242197253433,0.042715743945366785,5.474993459651331,3.8949996361735013,5.474993459651331,3.8949996361735013,50.0,0.0,-0.044069912609238426,4.5018535555975685,4.5018535555975685
docs,la12.mat,"PURE (γ=1, η=1)",1.0,1.0,0.3326325848064978,0.03834828980806457,0.9685104220148959,0.0024591105926737647,0.9685104220148959,0.0024591105926737647,50.0,0.0,0.0,0.0,0.0
docs,la12.mat,"Only γ (γ=0.05, η=1)",0.05,1.0,0.26348144609014174,0.020067079227674246,2.1564614435634613,0.006414055088035454,2.1564614435634613,0.006414055088035454,50.0,0.0,-0.06915113871635609,1.1879510215485654,1.1879510215485654
docs,la12.mat,"Only inertia (γ=1, η=0.3)",1.0,0.3,0.32645325688803944,0.040859285251734906,0.9683769878887734,0.0031478819143046727,0.9683769878887734,0.0031478819143046727,50.0,0.0,-0.006179327918458377,-0.00013343412612254468,-0.00013343412612254468
docs,la12.mat,"γ + inertia (γ=0.05, η=0.3)",0.05,0.3,0.2570154483197961,0.021664593332338826,10.204678425751748,5.369754423386993,10.204678425751748,5.369754423386993,50.0,0.0,-0.07561713648670171,9.236168003736852,9.236168003736852
docs,la2.mat,"PURE (γ=1, η=1)",1.0,1.0,0.31323577235772354,0.015960490580421312,0.9697829952863414,0.0038844679255057527,0.9697829952863414,0.0038844679255057527,50.0,0.0,0.0,0.0,0.0
docs,la2.mat,"Only γ (γ=0.05, η=1)",0.05,1.0,0.25632520325203256,0.015175880756387873,2.1869482156492905,0.008943585595967491,2.1869482156492905,0.008943585595967491,50.0,0.0,-0.05691056910569098,1.2171652203629493,1.2171652203629493
docs,la2.mat,"Only inertia (γ=1, η=0.3)",1.0,0.3,0.30269918699186993,0.009077773696191437,0.9708990168628393,0.0030132962421580882,0.9708990168628393,0.0030132962421580882,50.0,0.0,-0.010536585365853612,0.0011160215764979275,0.0011160215764979275
docs,la2.mat,"γ + inertia (γ=0.05, η=0.3)",0.05,0.3,0.2821463414634146,0.01187236860784872,4.7275518368368585,3.2534860556440846,4.7275518368368585,3.2534860556440846,50.0,0.0,-0.031089430894308934,3.7577688415505173,3.7577688415505173
docs,NG20.mat,"PURE (γ=1, η=1)",1.0,1.0,0.09568399418517219,0.01664671816068892,0.9883439629284961,0.0016725848252645429,0.9883439629284961,0.0016725848252645429,50.0,0.0,0.0,0.0,0.0
docs,NG20.mat,"Only γ (γ=0.05, η=1)",0.05,1.0,0.056393804200711814,0.0008896806531304255,1.3060678898075218,0.12005390208121511,1.3060678898075218,0.12005390208121511,50.0,0.0,-0.03929018998446038,0.3177239268790256,0.3177239268790256
docs,NG20.mat,"Only inertia (γ=1, η=0.3)",1.0,0.3,0.0920948418467091,0.014306089844006388,0.9887798975749188,0.0013119610939246649,0.9887798975749188,0.0013119610939246649,50.0,0.0,-0.003589152338463089,0.00043593464642266433,0.00043593464642266433
docs,NG20.mat,"γ + inertia (γ=0.05, η=0.3)",0.05,0.3,0.0548197904656875,0.0023065882132002496,7.98039229711847,6.257083394388133,7.98039229711847,6.257083394388133,50.0,0.0,-0.04086420371948469,6.992048334189974,6.992048334189974
docs,ng3sim.mat,"PURE (γ=1, η=1)",1.0,1.0,0.35383589059372916,0.017174718084089154,0.9943306069048589,0.00259796120223779,0.9943306069048589,0.00259796120223779,50.0,0.0,0.0,0.0,0.0
docs,ng3sim.mat,"Only γ (γ=0.05, η=1)",0.05,1.0,0.3342895263509006,0.0004947430611804934,0.9994710732673792,0.0006722500765164695,0.9994710732673792,0.0006722500765164695,50.0,0.0,-0.019546364242828573,0.005140466362520302,0.005140466362520302
docs,ng3sim.mat,"Only inertia (γ=1, η=0.3)",1.0,0.3,0.3443629086057372,0.013624025454969433,0.9951637728973702,0.0034759685020140023,0.9951637728973702,0.0034759685020140023,50.0,0.0,-0.009472981987991957,0.0008331659925113755,0.0008331659925113755
docs,ng3sim.mat,"γ + inertia (γ=0.05, η=0.3)",0.05,0.3,0.3346230820547032,0.0006416072068602857,0.9990024358612736,0.00016114131311555698,0.9990024358612736,0.00016114131311555698,50.0,0.0,-0.01921280853902596,0.004671828956414714,0.004671828956414714
docs,ohscal.mat,"PURE (γ=1, η=1)",1.0,1.0,0.12703816520336858,0.021281462120925448,0.9982047446510022,0.0033980802662824847,0.9982047446510022,0.0033980802662824847,50.0,0.0,0.0,0.0,0.0
docs,ohscal.mat,"Only γ (γ=0.05, η=1)",0.05,1.0,0.11639491130621753,0.001731886914032326,2.285026609581015,0.004691077178435303,2.285026609581015,0.004691077178435303,50.0,0.0,-0.010643253897151053,1.2868218649300127,1.2868218649300127
docs,ohscal.mat,"Only inertia (γ=1, η=0.3)",1.0,0.3,0.12607059666726392,0.01812873226498129,1.0347746441110581,0.07781036410860713,1.0347746441110581,0.07781036410860713,50.0,0.0,-0.0009675685361046626,0.036569899460055955,0.036569899460055955
docs,ohscal.mat,"γ + inertia (γ=0.05, η=0.3)",0.05,0.3,0.11646658304963269,0.0006334946973540125,11.209114070908303,1.4306635943744652,11.209114070908303,1.4306635943744652,50.0,0.0,-0.010571582153735895,10.210909326257301,10.210909326257301
docs,reviews.mat,"PURE (γ=1, η=1)",1.0,1.0,0.32499385598427133,0.03769546677859861,0.995356119053157,0.0026444239369420503,0.995356119053157,0.0026444239369420503,50.0,0.0,0.0,0.0,0.0
docs,reviews.mat,"Only γ (γ=0.05, η=1)",0.05,1.0,0.3017449004669452,0.03218028754769874,2.417981815845101,0.7935461410034113,2.417981815845101,0.7935461410034113,50.0,0.0,-0.023248955517326142,1.422625696791944,1.422625696791944
docs,reviews.mat,"Only inertia (γ=1, η=0.3)",1.0,0.3,0.36628164168100275,0.046291674601211155,0.9928253143584804,0.0033267002571200415,0.9928253143584804,0.0033267002571200415,50.0,0.0,0.041287785696731416,-0.0025308046946765916,-0.0025308046946765916
docs,reviews.mat,"γ + inertia (γ=0.05, η=0.3)",0.05,0.3,0.32061931678545097,0.020348178684252063,8.428927152986224,6.811092209893611,8.428927152986224,6.811092209893611,50.0,0.0,-0.00437453919882036,7.433571033933068,7.433571033933068
docs,sports.mat,"PURE (γ=1, η=1)",1.0,1.0,0.33752913752913755,0.038880077742037486,0.9819002046741815,0.002392065001601297,0.9819002046741815,0.002392065001601297,50.0,0.0,0.0,0.0,0.0
docs,sports.mat,"Only γ (γ=0.05, η=1)",0.05,1.0,0.23846153846153845,0.04191601430484539,2.518304363928074,0.0033268786513492962,2.518304363928074,0.0033268786513492962,50.0,0.0,-0.0990675990675991,1.5364041592538924,1.5364041592538924
docs,sports.mat,"Only inertia (γ=1, η=0.3)",1.0,0.3,0.32333333333333336,0.02243875802912163,0.9827524148299045,0.0025390305511018762,0.9827524148299045,0.0025390305511018762,50.0,0.0,-0.014195804195804185,0.00085221015572301,0.00085221015572301
docs,sports.mat,"γ + inertia (γ=0.05, η=0.3)",0.05,0.3,0.22578088578088576,0.013675754474720355,13.918726889410024,1.7021669217734061,13.918726889410024,1.7021669217734061,50.0,0.0,-0.11174825174825179,12.936826684735843,12.936826684735843
docs,tr11.mat,"PURE (γ=1, η=1)",1.0,1.0,0.3405797101449276,0.029434921755927382,0.9603346674469346,0.007469893860050963,0.9603346674469346,0.007469893860050963,50.0,0.0,0.0,0.0,0.0
docs,tr11.mat,"Only γ (γ=0.05, η=1)",0.05,1.0,0.3285024154589372,0.011833283781561255,0.9761828273613039,0.0034203276676093436,0.9761828273613039,0.0034203276676093436,50.0,0.0,-0.012077294685990392,0.015848159914369275,0.015848159914369275
docs,tr11.mat,"Only inertia (γ=1, η=0.3)",1.0,0.3,0.3415458937198068,0.04258338332567925,0.9603061994353096,0.007293736558434591,0.9603061994353096,0.007293736558434591,50.0,0.0,0.0009661835748792091,-2.846801162503798e-05,-2.846801162503798e-05
docs,tr11.mat,"γ + inertia (γ=0.05, η=0.3)",0.05,0.3,0.3318840579710145,0.00775208045211654,0.976216290984979,0.004967248950286907,0.976216290984979,0.004967248950286907,50.0,0.0,-0.008695652173913104,0.015881623538044343,0.015881623538044343
docs,tr23.mat,"PURE (γ=1, η=1)",1.0,1.0,0.3303921568627451,0.024656424195998623,0.8571936307526513,0.011816152908088108,0.8571936307526513,0.011816152908088108,50.0,0.0,0.0,0.0,0.0
docs,tr23.mat,"Only γ (γ=0.05, η=1)",0.05,1.0,0.2774509803921569,0.033354952620007844,2.8837373099413575,0.2614701668257169,2.8837373099413575,0.2614701668257169,50.0,0.0,-0.052941176470588214,2.0265436791887064,2.0265436791887064
docs,tr23.mat,"Only inertia (γ=1, η=0.3)",1.0,0.3,0.33725490196078434,0.025329432711301603,0.8571798762892069,0.011761016268803083,0.8571798762892069,0.011761016268803083,50.0,0.0,0.006862745098039247,-1.3754463444426435e-05,-1.3754463444426435e-05
docs,tr23.mat,"γ + inertia (γ=0.05, η=0.3)",0.05,0.3,0.3274509803921569,0.04757680611196441,2.5769273437795155,1.3375986531726705,2.5769273437795155,1.3375986531726705,50.0,0.0,-0.0029411764705881693,1.7197337130268642,1.7197337130268642
docs,tr41.mat,"PURE (γ=1, η=1)",1.0,1.0,0.34350797266514804,0.059403753167458995,0.9419939521328387,0.021799137811483085,0.9419939521328387,0.021799137811483085,50.0,0.0,0.0,0.0,0.0
docs,tr41.mat,"Only γ (γ=0.05, η=1)",0.05,1.0,0.2264236902050114,0.0209300860765784,2.664849052132836,0.07320284603747182,2.664849052132836,0.07320284603747182,50.0,0.0,-0.11708428246013663,1.7228550999999974,1.7228550999999974
docs,tr41.mat,"Only inertia (γ=1, η=0.3)",1.0,0.3,0.36947608200455584,0.05920689211406199,0.9387799154409114,0.011562784767645341,0.9387799154409114,0.011562784767645341,50.0,0.0,0.025968109339407797,-0.0032140366919272134,-0.0032140366919272134
docs,tr41.mat,"γ + inertia (γ=0.05, η=0.3)",0.05,0.3,0.21981776765375854,0.020643017039170677,5.938471374067573,0.6228357785477187,5.938471374067573,0.6228357785477187,50.0,0.0,-0.1236902050113895,4.996477421934735,4.996477421934735
docs,tr45.mat,"PURE (γ=1, η=1)",1.0,1.0,0.316231884057971,0.03226713222283875,0.9397185771500938,0.015912310399376302,0.9397185771500938,0.015912310399376302,50.0,0.0,0.0,0.0,0.0
docs,tr45.mat,"Only γ (γ=0.05, η=1)",0.05,1.0,0.20869565217391303,0.015200128234350019,2.543757973559909,0.044676179400552546,2.543757973559909,0.044676179400552546,50.0,0.0,-0.10753623188405795,1.6040393964098152,1.6040393964098152
docs,tr45.mat,"Only inertia (γ=1, η=0.3)",1.0,0.3,0.29536231884057973,0.03953627438477888,0.9407441650838345,0.014131225824859428,0.9407441650838345,0.014131225824859428,50.0,0.0,-0.02086956521739125,0.0010255879337407459,0.0010255879337407459
docs,tr45.mat,"γ + inertia (γ=0.05, η=0.3)",0.05,0.3,0.21797101449275358,0.0034903172692151603,1.2402682820599575,0.23459973156724223,1.2402682820599575,0.23459973156724223,50.0,0.0,-0.0982608695652174,0.30054970490986377,0.30054970490986377
